,RowID,Word
0,2,lorem
1,2,ipsum
2,2,dolor
3,2,sit
4,2,et
5,2,consectetur
6,2,adipiscing
7,2,elit
8,3,missed
9,3,voice
10,3,call
11,4,missed
12,4,voice
13,4,call
14,5,missed
15,5,voice
16,5,call
17,6,vestibulum
18,6,non
19,6,felis
20,6,tortor
21,6,rhoncus
22,6,tristique
23,6,non
24,6,ut
25,6,purus
26,7,aliqu
27,8,posuere
28,9,felis
29,11,untitled
30,11,page
31,11,document
32,12,image
33,13,image
34,14,image
35,15,video
36,16,gif
37,18,lorem
38,18,ipsum
39,18,dolor
40,18,sit
41,18,et
42,18,consectetur
43,18,adipiscing
44,18,elit
45,19,vestibulum
46,19,non
47,19,felis
48,19,tortor
49,19,rhoncus
50,19,tristique
51,19,non
52,19,ut
53,19,purus
